,Nodes,Close_Centrality
0,19012,0.6298438403701562
1,16288,0.6162988115449916
2,16621,0.6033240997229917
3,14451,0.5908844275637548
4,11983,0.5848549946294307
