,Nodes,Close_Centrality
0,21523,0.795131845841785
1,23416,0.7509578544061303
2,7990,0.7406707605101559
3,13471,0.6758620689655173
4,23998,0.6758620689655173
