,Nodes,Close_Centrality
0,22104,0.5088461538461538
1,21523,0.5088461538461538
2,15571,0.47115384615384615
3,7990,0.46540806754221387
4,14648,0.4598007414272474
