,Nodes,Close_Centrality
0,8867,0.606060606060606
1,15112,0.5785123966942148
2,27862,0.5785123966942148
3,18156,0.5533596837944664
4,24922,0.5392912172573189
