,Nodes,Close_Centrality
0,7195,0.6765327695560254
1,11983,0.6765327695560254
2,9457,0.6765327695560254
3,16288,0.6585717225766619
4,8014,0.6585717225766619
