,Nodes,Close_Centrality
0,21726,0.5664828431372549
1,9587,0.5425469483568075
2,16393,0.5425469483568075
3,22791,0.5350115740740741
4,17093,0.5350115740740741
