,Nodes,Close_Centrality
0,21523,0.8351648351648352
1,7990,0.7755102040816326
2,23416,0.76
3,22104,0.7524752475247525
4,23998,0.7238095238095238
