,Nodes,Close_Centrality
0,7195,0.7388356491258866
1,13914,0.7312344593200647
2,7492,0.7312344593200647
3,9457,0.7312344593200647
4,14147,0.7023319115208527
