,Nodes,Close_Centrality
0,14147,0.7605816176526594
1,13914,0.7336742491036266
2,7492,0.7336742491036266
3,7195,0.7268174804204152
4,7930,0.7053920218139177
