,Nodes,Close_Centrality
0,31036,0.6932068206820682
1,24801,0.6797464940668825
2,8867,0.6667989417989418
3,18156,0.6482767489711935
4,28673,0.6482767489711935
