,Nodes,Close_Centrality
0,8867,0.78125
1,18156,0.703125
2,18348,0.6296641791044777
3,27649,0.6296641791044777
4,22684,0.6204044117647058
