,Nodes,Close_Centrality
0,14147,0.7376187189851786
1,7195,0.7359498983539904
2,13914,0.7359498983539904
3,7492,0.7359498983539904
4,9457,0.7359498983539904
