,Nodes,Close_Centrality
0,8867,0.6920680565540378
1,18156,0.6611721611721612
2,24801,0.6495726495726495
3,31036,0.6495726495726495
4,31448,0.6275532377227292
