,Nodes,Close_Centrality
0,16288,0.6214059454191033
1,11983,0.6054724596391263
2,18025,0.5759372177055104
3,13404,0.5724466891133557
4,16621,0.5724466891133557
