,Nodes,Close_Centrality
0,19012,0.6472564389697649
1,14451,0.6306601200218221
2,21830,0.5346901017576319
3,21726,0.5346901017576319
4,16393,0.5233137166138525
