,Nodes,Close_Centrality
0,31036,0.6960257787325457
1,24801,0.6687306501547988
2,30278,0.5983379501385041
3,31152,0.5780553077609277
4,31128,0.5684210526315789
