,Nodes,Close_Centrality
0,21523,0.7232142857142858
1,23416,0.6864406779661016
2,23752,0.6230769230769231
3,19048,0.6230769230769231
4,9587,0.5955882352941176
