,Nodes,Degree_Centrality
0,22104,0.5288461538461539
1,21523,0.5288461538461539
2,7990,0.46153846153846156
3,14648,0.4519230769230769
4,23416,0.4519230769230769
