,Nodes,Degree_Centrality
0,14147,0.7040498442367601
1,13914,0.6635514018691588
2,7492,0.6635514018691588
3,7195,0.660436137071651
4,7930,0.6137071651090342
