,Nodes,Degree_Centrality
0,19012,0.6184210526315789
1,14451,0.5657894736842105
2,16288,0.5394736842105263
3,16621,0.513157894736842
4,11983,0.48684210526315785
