,Nodes,Degree_Centrality
0,21523,0.8552631578947368
1,7990,0.763157894736842
2,23416,0.7368421052631579
3,22104,0.7236842105263157
4,23998,0.6710526315789473
