,Nodes,Degree_Centrality
0,8867,0.641025641025641
1,18156,0.5769230769230769
2,24801,0.5384615384615384
3,31036,0.5384615384615384
4,18348,0.5128205128205128
