,Nodes,Degree_Centrality
0,31036,0.625
1,24801,0.5972222222222222
2,8867,0.5833333333333333
3,18156,0.5416666666666666
4,28673,0.5416666666666666
