,Nodes,Degree_Centrality
0,19012,0.6808510638297872
1,14451,0.6595744680851063
2,21830,0.5106382978723404
3,21726,0.5106382978723404
4,16393,0.48936170212765956
