,Nodes,Degree_Centrality
0,31036,0.6578947368421052
1,24801,0.6052631578947368
2,30278,0.5
3,31911,0.47368421052631576
4,31152,0.47368421052631576
