,Nodes,Degree_Centrality
0,7195,0.5930232558139534
1,11983,0.5930232558139534
2,9457,0.5930232558139534
3,16288,0.5581395348837209
4,8014,0.5581395348837209
