,Nodes,Degree_Centrality
0,8867,0.7916666666666666
1,18156,0.6666666666666666
2,18348,0.5833333333333333
3,27649,0.5833333333333333
4,22684,0.5
