,Nodes,Degree_Centrality
0,21523,0.8275862068965517
1,23416,0.7586206896551724
2,7990,0.7241379310344828
3,23998,0.6206896551724138
4,13471,0.603448275862069
