,Nodes,Degree_Centrality
0,8867,0.48051948051948057
1,15112,0.4545454545454546
2,27862,0.4545454545454546
3,18156,0.4025974025974026
4,24922,0.35064935064935066
