,Nodes,Degree_Centrality
0,7195,0.6781002638522428
1,13914,0.662269129287599
2,7492,0.662269129287599
3,9457,0.662269129287599
4,14147,0.6121372031662269
