,Nodes,Degree_Centrality
0,16288,0.537037037037037
1,11983,0.5092592592592592
2,18025,0.5
3,8482,0.4444444444444444
4,13351,0.4351851851851852
