,Nodes,Degree_Centrality
0,31036,0.6486486486486487
1,24801,0.5945945945945946
2,30278,0.5135135135135136
3,31152,0.4594594594594595
4,31911,0.4594594594594595
