,Nodes,Degree_Centrality
0,14147,0.7222222222222223
1,7930,0.6452991452991453
2,10522,0.6111111111111112
3,12479,0.5982905982905984
4,10041,0.5940170940170941
