,Nodes,Degree_Centrality
0,19012,0.6176470588235294
1,16288,0.6029411764705882
2,14451,0.5588235294117647
3,11983,0.5441176470588235
4,18025,0.5441176470588235
