,Nodes,Degree_Centrality
0,22104,0.873015873015873
1,21523,0.873015873015873
2,7990,0.7619047619047619
3,14648,0.746031746031746
4,23416,0.746031746031746
