,Nodes,Degree_Centrality
0,31036,0.6857142857142857
1,24801,0.6571428571428571
2,30278,0.5428571428571428
3,31911,0.4857142857142857
4,31152,0.4857142857142857
