,Nodes,Degree_Centrality
0,8867,0.7826086956521738
1,18156,0.6739130434782609
2,18348,0.5869565217391304
3,27649,0.5869565217391304
4,22684,0.4782608695652174
