,Nodes,Degree_Centrality
0,7195,0.6782608695652174
1,14147,0.672463768115942
2,13914,0.6695652173913044
3,7492,0.6695652173913044
4,9457,0.6695652173913044
