,Nodes,Degree_Centrality
0,21523,0.8571428571428571
1,23416,0.7857142857142857
2,13290,0.5714285714285714
3,19048,0.5714285714285714
4,13471,0.5476190476190476
