,Nodes,Degree_Centrality
0,19012,0.6904761904761905
1,14451,0.6666666666666666
2,21830,0.5238095238095237
3,19359,0.5238095238095237
4,21726,0.5238095238095237
