,Nodes,Degree_Centrality
0,8867,0.7872340425531915
1,18156,0.6595744680851063
2,18348,0.5744680851063829
3,27649,0.5744680851063829
4,22684,0.5106382978723404
