,Nodes,Degree_Centrality
0,15112,0.5750000000000001
1,27862,0.5750000000000001
2,27748,0.5
3,26552,0.5
4,28529,0.42500000000000004
