,Nodes,Degree_Centrality
0,19012,0.7142857142857143
1,14451,0.6857142857142857
2,21830,0.5428571428571428
3,21726,0.5428571428571428
4,9587,0.5142857142857142
