,Nodes,Degree_Centrality
0,7195,0.6375000000000001
1,7492,0.59375
2,11983,0.59375
3,9457,0.59375
4,13914,0.59375
