,Nodes,Degree_Centrality
0,14147,0.7016393442622951
1,13914,0.6983606557377049
2,7492,0.6983606557377049
3,7195,0.6950819672131148
4,7930,0.6360655737704918
