,Nodes,Degree_Centrality
0,16288,0.5411764705882353
1,11983,0.5411764705882353
2,9457,0.5411764705882353
3,8014,0.5411764705882353
4,8223,0.4823529411764706
