,Nodes,Degree_Centrality
0,8867,0.6086956521739131
1,24801,0.6086956521739131
2,31036,0.6086956521739131
3,18156,0.5652173913043478
4,28673,0.5652173913043478
