,Nodes,Degree_Centrality
0,21523,0.8490566037735848
1,7990,0.7924528301886792
2,23416,0.7735849056603773
3,23998,0.660377358490566
4,13471,0.6415094339622641
