,Nodes,Between_Centrality
0,14451,0.09062106564419241
1,19012,0.07497217552721719
2,21095,0.03294128011981851
3,19084,0.022680757417112646
4,16393,0.019927389908888524
