,Nodes,Between_Centrality
0,14376,0.09274827219564062
1,8223,0.05814547538231749
2,11793,0.054817071817071815
3,14451,0.05474225900232092
4,16621,0.04739809926342433
