,Nodes,Between_Centrality
0,8867,0.19512488102913628
1,18156,0.12562817895264705
2,27758,0.07629217709004942
3,30732,0.07306128662511642
4,22684,0.06639444086252598
