,Nodes,Between_Centrality
0,7195,0.042586983223429416
1,8491,0.031243798643564878
2,12479,0.03058576320117414
3,14147,0.028823384700288307
4,10522,0.022871023560994762
