,Nodes,Between_Centrality
0,30278,0.10245805346231238
1,8867,0.0934099770700537
2,24801,0.07298491796270903
3,18156,0.06264709357577118
4,28673,0.06061046290816523
