,Nodes,Between_Centrality
0,8867,0.11559220506885898
1,24922,0.09261887970571228
2,15112,0.08089554743631451
3,27862,0.08089554743631451
4,18156,0.07116797565196492
