,Nodes,Between_Centrality
0,14376,0.11805578091541066
1,16282,0.10396786086687439
2,11793,0.09718427152563386
3,8482,0.06841741385186909
4,20763,0.06715126341294567
