,Nodes,Between_Centrality
0,26552,0.03029624097585264
1,22104,0.020212329575660423
2,21523,0.020212329575660423
3,15571,0.017668943163715388
4,13290,0.015260658352517954
