,Nodes,Between_Centrality
0,31036,0.23504030346135615
1,30278,0.20072704283230605
2,24801,0.16055002370791852
3,31152,0.11632685316895845
4,31128,0.08123913387071283
