,Nodes,Between_Centrality
0,7195,0.053081338853029604
1,12479,0.025236563040784234
2,16282,0.023270712163693297
3,8491,0.022143355352543356
4,14861,0.021482343826018983
