,Nodes,Between_Centrality
0,7195,0.06855196692629298
1,16282,0.023696301417721968
2,12479,0.02093893053234511
3,14861,0.01913710949345824
4,8491,0.0189064696255106
