,Nodes,Between_Centrality
0,23752,0.15675463720676486
1,20558,0.13829787234042554
2,14451,0.1190274855168472
3,21726,0.11168873236692384
4,19012,0.1072071545475801
