,Nodes,Between_Centrality
0,21523,0.14355755040582022
1,23416,0.09047688957005728
2,13471,0.06328909067862039
3,23752,0.05774977433096332
4,19048,0.05110347357463596
