,Nodes,Between_Centrality
0,30278,0.11094961517371742
1,31036,0.09862012208537267
2,24801,0.0892469824969956
3,28673,0.07003073208502623
4,8867,0.054969534136052
