,Nodes,Between_Centrality
0,7195,0.10780089943291532
1,11793,0.04428074173161314
2,16282,0.036565083157954106
3,14861,0.029227853238000513
4,14376,0.0251005951627732
