,Nodes,Between_Centrality
0,21523,0.11757530800180525
1,13471,0.11227494022412352
2,7990,0.08736239404009229
3,23416,0.06912948079009787
4,13290,0.03640975042971415
