,Nodes,Between_Centrality
0,21523,0.08447025804739053
1,13471,0.05435442137347764
2,7990,0.05347302229551973
3,13290,0.048992230462284875
4,22104,0.03853509144616223
