,Nodes,Close_Centrality
0,14147,0.7689400546543403
1,7930,0.7222631823270801
2,10522,0.704262853795564
3,12479,0.6999020930909475
4,10041,0.6934612762833622
