,Nodes,Close_Centrality
0,15112,0.625
1,27862,0.625
2,26552,0.5889423076923077
3,28529,0.5568181818181818
4,27379,0.537280701754386
