,Nodes,Close_Centrality
0,7195,0.7007891414141414
1,7492,0.676859756097561
2,11983,0.676859756097561
3,9457,0.676859756097561
4,13914,0.676859756097561
