,Nodes,Close_Centrality
0,31036,0.6897522522522522
1,24801,0.6621621621621622
2,30278,0.601965601965602
3,31152,0.5708294501397949
4,31128,0.5708294501397949
