,Nodes,Close_Centrality
0,19012,0.6493506493506493
1,14451,0.6302521008403361
2,21830,0.5357142857142857
3,19359,0.5357142857142857
4,21726,0.5357142857142857
