,Nodes,Close_Centrality
0,31036,0.7180124223602484
1,24801,0.7027355623100304
2,30278,0.6231805929919138
3,31152,0.5897959183673469
4,31128,0.5897959183673469
