,Nodes,Close_Centrality
0,21523,0.8185941043083901
1,23416,0.764021164021164
2,13290,0.63668430335097
3,19048,0.63668430335097
4,13471,0.6251082251082252
