,Nodes,Close_Centrality
0,21523,0.82288496652465
1,7990,0.7849056603773585
2,23416,0.7730131503716409
3,23998,0.7085953878406709
4,13471,0.7085953878406709
