,Nodes,Close_Centrality
0,8867,0.7771979124849459
1,18156,0.6981608366390192
2,18348,0.624113475177305
3,22684,0.624113475177305
4,27649,0.624113475177305
