,Nodes,Close_Centrality
0,22104,0.84
1,21523,0.84
2,15571,0.7777777777777778
3,7990,0.7682926829268293
4,14648,0.7590361445783133
