,Nodes,Close_Centrality
0,8867,0.7729933110367893
1,18156,0.7051868802440885
2,18348,0.6280570652173914
3,27649,0.6280570652173914
4,22684,0.6090250329380764
