,Nodes,Close_Centrality
0,16288,0.6227941176470588
1,11983,0.6227941176470588
2,9457,0.6227941176470588
3,8014,0.6227941176470588
4,8223,0.5961789844142785
