,Nodes,Close_Centrality
0,23752,0.5925925925925926
1,21726,0.5161290322580645
2,19048,0.5161290322580645
3,9587,0.5
4,16393,0.5
