,Nodes,Close_Centrality
0,19012,0.6660098522167488
1,14451,0.6438095238095238
2,21830,0.5518367346938776
3,21726,0.5518367346938776
4,9587,0.5365079365079365
