,Nodes,Close_Centrality
0,16288,0.65359477124183
1,19012,0.6302521008403361
2,11983,0.615595075239398
3,13404,0.6016042780748663
4,16621,0.6016042780748663
