,Nodes,Close_Centrality
0,24801,0.6838213546288081
1,31036,0.6838213546288081
2,8867,0.676914068218416
3,18156,0.6570048309178744
4,28673,0.6570048309178744
