,Nodes,Close_Centrality
0,14147,0.7574109374338119
1,13914,0.7554588473888796
2,7492,0.7554588473888796
3,7195,0.749662487945998
4,7930,0.7166700068139004
