,Nodes,Between_Centrality
0,21523,0.162059620596206
1,23416,0.09748631159780985
2,13471,0.08019467949781542
3,13290,0.04261932415242519
4,19048,0.04261932415242519
