,Nodes,Between_Centrality
0,8491,0.047203763180958355
1,12479,0.04171140651920629
2,14147,0.041394430065079105
3,7990,0.03319621149252227
4,10522,0.02840641118796215
