,Nodes,Between_Centrality
0,30278,0.12678084797650016
1,24801,0.08575914352768574
2,28673,0.07586544896327505
3,8867,0.060165737691313115
4,31036,0.058405617069299934
