,Nodes,Between_Centrality
0,8867,0.1928188719493068
1,18156,0.13046378205798495
2,27758,0.08149110149110148
3,30732,0.07809412273180386
4,22684,0.06498511686917487
