,Nodes,Between_Centrality
0,14451,0.12268907563025211
1,19012,0.11876750700280113
2,21095,0.04201680672268908
3,9587,0.020168067226890758
4,16393,0.020168067226890758
