,Nodes,Between_Centrality
0,13471,0.1272928329532103
1,21523,0.12013672909899321
2,7990,0.0820776738368303
3,23416,0.06216451263621074
4,13290,0.03750662335567998
