,Nodes,Between_Centrality
0,31036,0.23533533533533535
1,30278,0.20437103770437104
2,24801,0.15745745745745748
3,31152,0.11678345011678345
4,31128,0.08274941608274942
