,Nodes,Between_Centrality
0,7195,0.05308133885302953
1,12479,0.02523656304078424
2,16282,0.023270712163693308
3,8491,0.02214335535254334
4,14861,0.02148234382601898
