,Nodes,Between_Centrality
0,26552,0.20803418803418813
1,28529,0.09965811965811967
2,15112,0.09057692307692307
3,27862,0.09057692307692307
4,27748,0.07649572649572649
