,Nodes,Between_Centrality
0,14376,0.10478489903424058
1,8223,0.06729066222042518
2,11793,0.06406806051230986
3,14451,0.05147638309403013
4,16288,0.04957900722826093
