,Nodes,Between_Centrality
0,14451,0.0854073336651734
1,19012,0.06603943868752235
2,19084,0.027537696527243565
3,16621,0.02253721887868229
4,16393,0.02253721887868229
