,Nodes,Between_Centrality
0,7195,0.1193231553560522
1,11793,0.04391991565233398
2,14861,0.032651571836820346
3,16282,0.02614854667582233
4,12483,0.02384160972546372
