,Nodes,Between_Centrality
0,7195,0.04585323489359699
1,8491,0.033726786149117595
2,12479,0.027202343073439637
3,12329,0.024592339931237692
4,14147,0.024455627413129975
