,Nodes,Between_Centrality
0,14376,0.1372549019607843
1,11793,0.0822581316909048
2,8482,0.07327453454986822
3,8223,0.06143516554663365
4,16282,0.05125068209101822
