,Nodes,Between_Centrality
0,23752,0.28
1,23724,0.21333333333333335
2,21726,0.05666666666666667
3,19048,0.05666666666666667
4,9587,0.030000000000000002
