,Nodes,Between_Centrality
0,31036,0.23350140056022417
1,30278,0.22287581699346412
2,24801,0.1852380952380953
3,31152,0.09878618113912234
4,31128,0.0892623716153128
