,Nodes,Between_Centrality
0,22104,0.05543125305030068
1,21523,0.05543125305030068
2,15571,0.048456149301003386
3,13290,0.041851554601170585
4,8122,0.033678567549535285
