,Nodes,Between_Centrality
0,8867,0.19306838705543605
1,18156,0.12323652809314231
2,27758,0.07649763126173857
3,30732,0.07502779880208187
4,22684,0.06778609405806449
